Time (sec),RPM,Coolant Temp (C),TPS (%),MAP (kPa),MAP Rate (kPa/sec),Battery Volt (V),Fuel Open Time (ms),Fuel Duty Cycle (%),Starting Compensation - Fuel (%),Coolant Temp Compensation - Fuel (%),Ignition Angle (DBTDC),Anlg #5 (C), Anlg #6,Anlg #7 (C),Digital Output #1,Digital Output #2,Digital Output #3,Digital Output #4,Digital Output #5,Digital Output #6,Digital Output #7,Digital Output #8,Digital Output #9,Digital Output #10,Open Time Clip,Charge Time Clip,Measured AFR #1,Accel Base Comp (%),
0.000,2284,77.0,0.0,77.29,103.4,12.30,6.26,25.1,148.7,109.3,20.0,-63.0,0.02,-63.0,0,0,0,1,0,0,0,0,0,0,0,0,19.11,100.7,
0.098,2068,77.0,0.0,70.33,179.3,13.40,4.74,16.8,148.7,109.1,20.0,-63.0,0.02,-63.0,0,0,0,1,0,0,0,0,0,0,0,0,19.11,100.7,
0.198,1539,77.0,0.0,72.81,96.5,13.30,5.82,16.8,148.7,108.6,20.0,-63.0,0.02,-63.0,0,0,0,1,0,0,0,0,0,0,0,0,19.11,100.7,
0.298,1241,77.0,0.0,75.08,96.5,13.20,6.57,15.5,150.0,108.6,20.0,-63.0,0.02,-63.0,0,0,0,1,0,0,0,0,0,0,0,0,19.11,120.1,
0.398,1180,77.0,0.0,75.50,-13.8,13.30,6.53,14.4,150.0,108.7,20.0,-63.0,0.02,-63.0,0,0,0,1,0,0,0,0,0,0,0,0,19.11,120.2,
0.498,1233,77.0,0.0,74.67,-193.1,13.10,6.79,16.6,150.0,108.9,20.0,-63.0,0.02,-63.0,0,0,0,1,0,0,0,0,0,0,0,0,19.11,120.0,
0.598,975,77.0,0.0,77.98,-20.7,13.40,6.34,12.1,150.0,108.8,20.0,-63.0,0.02,-63.0,0,0,0,1,0,0,0,0,0,0,0,0,19.11,120.0,
0.698,1499,77.0,0.0,69.43,-324.1,13.20,6.90,20.0,148.7,108.9,20.0,-63.0,0.02,-63.0,0,0,0,1,0,0,0,0,0,0,0,0,19.11,100.4,
0.798,1889,77.0,0.0,74.26,186.2,13.50,4.82,9.9,148.7,109.3,20.0,-63.0,0.02,-63.0,0,0,0,1,0,0,0,0,0,0,0,0,19.11,100.6,
0.899,1411,77.0,0.0,76.60,110.3,13.50,6.76,16.9,148.7,108.9,20.0,-63.0,0.02,-63.0,0,0,0,1,0,0,0,0,0,0,0,0,19.11,120.2,
0.998,1587,77.0,0.0,73.08,-330.9,13.50,5.97,17.8,148.7,108.9,20.0,-63.0,0.02,-63.0,0,0,0,1,0,0,0,0,0,0,0,0,19.11,100.6,
1.099,1774,77.0,0.0,74.53,296.5,13.60,5.69,13.2,148.7,109.3,20.0,-63.0,0.02,-63.0,0,0,0,1,0,0,0,0,0,0,0,0,19.11,120.3,
1.198,1825,77.0,0.0,93.98,220.6,13.70,7.65,23.3,148.7,109.5,20.0,-63.0,0.02,-63.0,0,0,0,1,0,0,0,0,0,0,0,0,19.11,120.0,
1.298,3306,77.0,0.0,85.70,-648.1,13.80,6.56,32.1,148.7,110.2,20.0,-63.0,0.02,-63.0,0,0,0,1,0,0,0,0,0,0,0,0,19.11,100.7,
1.398,4104,77.0,0.0,76.88,-406.8,13.80,5.25,34.8,148.7,109.6,20.0,-63.0,0.02,-63.0,0,0,0,1,0,0,0,0,0,0,0,0,19.11,100.4,
1.498,4037,77.0,0.0,62.60,68.9,13.90,3.83,26.4,148.7,108.7,20.0,-63.0,0.02,-63.0,0,0,0,1,0,0,0,0,0,0,0,0,19.11,100.4,
1.598,3777,77.0,0.0,51.23,-89.6,13.90,3.31,21.2,148.7,107.8,20.0,-63.0,0.02,-63.0,0,0,0,1,0,0,0,0,0,0,0,0,19.11,100.4,
1.698,3414,77.0,0.0,47.16,55.2,13.80,2.77,16.2,148.7,107.3,20.0,-63.0,0.02,-63.0,0,0,0,1,0,0,0,0,0,0,0,0,19.11,100.4,
1.798,3093,77.0,0.0,43.92,137.9,13.80,2.46,12.9,148.7,107.3,20.0,-63.0,0.02,-63.0,0,0,0,1,0,0,0,0,0,0,0,0,19.11,100.4,
1.898,2715,77.0,0.0,44.61,75.8,13.90,2.36,10.9,148.7,107.2,20.0,-63.0,0.02,-63.0,0,0,0,1,0,0,0,0,0,0,0,0,19.11,100.4,
2.000,2640,77.0,0.0,40.82,-303.4,13.80,2.36,10.2,148.7,107.2,20.0,-63.0,0.02,-63.0,0,0,0,1,0,0,0,0,0,0,0,0,19.11,100.4,
2.098,2588,77.0,0.0,41.58,-75.8,13.80,2.35,10.0,148.7,107.2,20.0,-63.0,0.02,-63.0,0,0,0,1,0,0,0,0,0,0,0,0,19.11,100.4,
2.198,2634,77.0,0.0,43.37,144.8,13.90,2.35,10.1,148.7,107.3,20.0,-63.0,0.02,-63.0,0,0,0,1,0,0,0,0,0,0,0,0,19.11,100.4,
2.298,2832,77.0,0.0,44.20,131.0,13.90,2.34,11.0,148.7,107.2,20.0,-63.0,0.02,-63.0,0,0,0,1,0,0,0,0,0,0,0,0,19.11,100.4,
2.398,3183,77.0,0.0,39.30,-103.4,13.90,2.37,12.1,148.7,107.1,20.0,-63.0,0.02,-63.0,0,0,0,1,0,0,0,0,0,0,0,0,19.11,100.4,
2.498,3214,77.0,0.0,38.89,-96.5,13.90,2.48,13.5,148.7,107.1,15.9,-63.0,0.02,-63.0,0,0,0,1,0,0,0,0,0,0,0,0,19.11,100.4,
2.598,3152,77.0,0.0,38.33,117.2,13.90,2.40,12.8,148.7,107.0,18.0,-63.0,0.02,-63.0,0,0,0,1,0,0,0,0,0,0,0,0,19.11,100.4,
2.698,3173,77.0,0.0,35.51,-68.9,14.00,2.38,12.5,148.7,106.8,18.7,-63.0,0.02,-63.0,0,0,0,1,0,0,0,0,0,0,0,0,19.11,100.4,
2.798,3042,77.0,0.0,37.92,89.6,14.00,2.36,12.2,148.7,106.9,18.7,-63.0,0.02,-63.0,0,0,0,1,0,0,0,0,0,0,0,0,19.11,100.4,
2.898,3011,77.0,0.0,35.92,96.5,13.90,2.30,11.5,148.7,106.7,18.0,-63.0,0.02,-63.0,0,0,0,1,0,0,0,0,0,0,0,0,19.11,100.4,
2.997,2827,77.0,0.0,38.47,131.0,14.00,2.31,11.1,148.7,106.9,18.3,-63.0,0.02,-63.0,0,0,0,1,0,0,0,0,0,0,0,0,19.11,100.4,
3.099,2793,77.0,0.0,35.09,-262.0,14.00,2.32,10.5,148.7,106.8,18.0,-63.0,0.02,-63.0,0,0,0,1,0,0,0,0,0,0,0,0,19.11,100.4,
3.198,2769,77.0,0.0,37.65,144.8,13.90,2.32,10.6,148.7,106.8,18.1,-63.0,0.02,-63.0,0,0,0,1,0,0,0,0,0,0,0,0,19.11,100.4,
3.297,2808,76.0,0.0,39.71,158.6,14.00,2.33,11.1,149.2,106.6,17.9,-63.0,0.02,-63.0,0,0,0,1,0,0,0,0,0,0,0,0,19.11,100.4,
3.397,2993,76.0,0.0,35.37,-255.1,14.00,2.32,11.2,149.2,106.7,17.7,-63.0,0.02,-63.0,0,0,0,1,0,0,0,0,0,0,0,0,19.11,100.4,
3.497,3019,76.0,0.0,38.33,131.0,14.00,2.33,11.9,149.2,106.7,18.4,-63.0,0.02,-63.0,0,0,0,1,0,0,0,0,0,0,0,0,19.11,100.4,
3.597,3142,76.0,0.0,35.23,-75.8,14.00,2.34,12.0,149.2,106.7,18.8,-63.0,0.02,-63.0,0,0,0,1,0,0,0,0,0,0,0,0,19.11,100.4,
3.697,3068,76.0,0.0,37.78,82.7,14.00,2.36,12.3,149.2,106.8,18.8,-63.0,0.02,-63.0,0,0,0,1,0,0,0,0,0,0,0,0,19.11,100.4,
3.797,3013,75.0,0.0,35.51,75.8,14.00,2.32,11.6,149.6,106.6,17.8,-63.0,0.02,-63.0,0,0,0,1,0,0,0,0,0,0,0,0,19.11,100.4,
3.897,2903,75.0,0.0,38.33,131.0,14.00,2.31,11.3,149.6,106.7,18.8,-63.0,0.02,-63.0,0,0,0,1,0,0,0,0,0,0,0,0,19.11,100.4,
3.997,2991,75.0,0.0,35.23,0.0,14.00,2.30,11.3,149.6,106.7,18.8,-63.0,0.02,-63.0,0,0,0,1,0,0,0,0,0,0,0,0,19.11,100.4,
4.097,2948,75.0,0.0,37.78,117.2,14.00,2.31,11.6,149.6,106.6,18.9,-63.0,0.02,-63.0,0,0,0,1,0,0,0,0,0,0,0,0,19.11,100.4,
4.197,2963,75.0,0.0,34.68,-158.6,14.00,2.31,11.2,149.6,106.7,18.8,-63.0,0.02,-63.0,0,0,0,1,0,0,0,0,0,0,0,0,19.11,100.4,
4.297,2972,74.0,0.0,37.65,137.9,14.00,2.32,11.7,150.0,106.6,18.9,-63.0,0.02,-63.0,0,0,0,1,0,0,0,0,0,0,0,0,19.11,100.4,
4.397,3028,74.0,0.0,34.40,-158.6,14.00,2.32,11.5,150.0,106.6,18.9,-63.0,0.02,-63.0,0,0,0,1,0,0,0,0,0,0,0,0,19.11,100.4,
4.497,3023,74.0,0.0,37.51,131.0,14.00,2.33,11.8,150.0,106.5,18.9,-63.0,0.02,-63.0,0,0,0,1,0,0,0,0,0,0,0,0,19.11,100.4,
4.597,3129,74.0,0.0,34.68,0.0,14.00,2.35,12.0,150.0,106.6,18.9,-63.0,0.02,-63.0,0,0,0,1,0,0,0,0,0,0,0,0,19.11,100.4,
4.697,3045,73.0,0.0,36.61,27.6,14.00,2.34,12.0,150.5,106.3,19.0,-63.0,0.02,-63.0,0,0,0,1,0,0,0,0,0,0,0,0,19.11,100.4,
4.797,3007,73.0,0.0,35.37,131.0,14.00,2.32,11.6,150.5,106.2,19.0,-63.0,0.02,-63.0,0,0,0,1,0,0,0,0,0,0,0,0,19.11,100.4,
4.897,2909,73.0,0.0,37.78,117.2,14.00,2.32,11.4,150.5,106.3,19.0,-63.0,0.02,-63.0,0,0,0,1,0,0,0,0,0,0,0,0,19.11,100.4,
4.997,2960,73.0,0.0,35.09,27.6,14.00,2.31,11.2,150.5,106.2,19.1,-63.0,0.02,-63.0,0,0,0,1,0,0,0,0,0,0,0,0,19.11,100.4,
5.097,2905,72.0,0.0,37.65,117.2,14.10,2.31,11.4,150.9,105.9,19.2,-63.0,0.02,-63.0,0,0,0,1,0,0,0,0,0,0,0,0,19.11,100.4,
5.197,3025,72.0,0.0,34.54,-144.8,14.00,2.31,11.3,150.9,106.0,19.2,-63.0,0.02,-63.0,0,0,0,1,0,0,0,0,0,0,0,0,19.11,100.4,
5.299,2825,72.0,0.0,37.37,137.9,14.00,2.31,11.1,150.9,106.0,19.2,-63.0,0.02,-63.0,0,0,0,1,0,0,0,0,0,0,0,0,19.11,100.1,
5.397,2831,72.0,0.0,36.34,-158.6,14.00,2.31,11.1,150.9,105.9,18.9,-63.0,0.02,-63.0,0,0,0,1,0,0,0,0,0,0,0,0,19.11,100.1,
5.497,3002,71.0,0.0,36.75,117.2,14.00,2.32,11.3,151.3,105.6,18.5,-63.0,0.02,-63.0,0,0,0,1,0,0,0,0,0,0,0,0,19.11,100.1,
5.597,3022,71.0,0.0,36.61,-89.6,14.00,2.33,11.9,151.3,105.6,19.2,-63.0,0.02,-63.0,0,0,0,1,0,0,0,0,0,0,0,0,19.11,100.1,
5.699,3147,71.0,0.0,36.75,137.9,14.00,2.43,13.0,151.3,105.7,19.2,-63.0,0.02,-63.0,0,0,0,1,0,0,0,0,0,0,0,0,19.11,100.2,
5.797,3035,71.0,0.0,33.44,-296.5,14.00,2.32,11.7,151.3,105.5,18.8,-63.0,0.02,-63.0,0,0,0,1,0,0,0,0,0,0,0,0,19.11,100.2,
5.897,2920,71.0,0.0,37.09,131.0,14.00,2.32,11.5,151.3,105.6,19.2,-63.0,0.02,-63.0,0,0,0,1,0,0,0,0,0,0,0,0,19.11,100.2,
6.000,2948,70.0,0.0,34.40,-275.8,14.00,2.32,11.1,151.8,105.1,18.5,-63.0,0.02,-63.0,0,0,0,1,0,0,0,0,0,0,0,0,19.11,100.2,
6.097,2987,70.0,0.0,36.75,131.0,14.00,2.30,11.3,151.8,105.2,19.3,-63.0,0.02,-63.0,0,0,0,1,0,0,0,0,0,0,0,0,19.11,100.2,
6.197,3015,70.0,0.0,34.27,-310.3,14.00,2.32,11.8,151.8,105.1,19.1,-63.0,0.02,-63.0,0,0,0,1,0,0,0,0,0,0,0,0,19.11,100.2,
6.297,3095,70.0,0.0,36.89,117.2,14.10,2.37,12.4,151.8,105.2,19.3,-63.0,0.02,-63.0,0,0,0,1,0,0,0,0,0,0,0,0,19.11,100.2,
6.397,3043,70.0,0.0,33.99,-213.7,14.10,2.32,11.7,151.8,105.1,19.3,-63.0,0.02,-63.0,0,0,0,1,0,0,0,0,0,0,0,0,19.11,100.2,
6.497,2868,70.0,0.0,37.09,110.3,14.10,2.31,11.2,151.8,105.2,19.3,-63.0,0.02,-63.0,0,0,0,1,0,0,0,0,0,0,0,0,19.11,100.2,
6.599,3006,70.0,0.0,34.40,-255.1,14.10,2.31,11.2,151.8,105.1,18.6,-63.0,0.02,-63.0,0,0,0,1,0,0,0,0,0,0,0,0,19.11,100.2,
6.699,2960,70.0,0.0,37.09,131.0,14.10,2.30,11.6,151.8,105.2,19.3,-63.0,0.02,-63.0,0,0,0,1,0,0,0,0,0,0,0,0,19.11,100.2,
6.797,2938,70.0,0.0,34.40,-310.3,14.10,2.31,11.5,151.8,105.3,18.8,-63.0,0.02,-63.0,0,0,0,1,0,0,0,0,0,0,0,0,19.11,100.2,
6.897,3052,70.0,0.0,36.89,117.2,14.10,2.30,11.4,151.0,105.2,19.3,-63.0,0.02,-63.0,0,0,0,1,0,0,0,0,0,0,0,0,19.11,100.2,
6.997,2946,70.0,0.0,35.37,-213.7,14.00,2.30,11.4,149.8,105.1,19.4,-63.0,0.02,-63.0,0,0,0,1,0,0,0,0,0,0,0,0,19.11,100.2,
7.099,3068,70.0,0.0,37.09,124.1,14.10,2.33,12.1,148.6,105.3,19.2,-63.0,0.02,-63.0,0,0,0,1,0,0,0,0,0,0,0,0,19.11,100.2,
7.197,3132,70.0,0.0,34.13,-248.2,14.10,2.28,11.7,147.4,105.2,18.9,-63.0,0.02,-63.0,0,0,0,1,0,0,0,0,0,0,0,0,19.11,100.2,
7.297,3113,70.0,0.0,38.20,117.2,14.10,2.30,12.1,146.2,105.1,18.9,-63.0,0.02,-63.0,0,0,0,1,0,0,0,0,0,0,0,0,19.11,100.2,
7.397,3169,70.0,0.0,36.61,151.7,14.10,2.29,12.0,145.0,105.1,18.5,-63.0,0.02,-63.0,0,0,0,1,0,0,0,0,0,0,0,0,19.11,100.2,
7.497,3109,70.0,0.0,35.37,-227.5,14.10,2.28,11.9,143.8,105.2,18.9,-63.0,0.02,-63.0,0,0,0,1,0,0,0,0,0,0,0,0,19.11,100.2,
7.597,3202,70.0,0.0,37.78,110.3,14.10,2.28,12.3,142.6,105.2,19.1,-63.0,0.02,-63.0,0,0,0,1,0,0,0,0,0,0,0,0,19.11,100.2,
7.697,3212,70.0,0.0,36.06,82.7,14.10,2.28,12.0,141.4,105.1,18.0,-63.0,0.02,-63.0,0,0,0,1,0,0,0,0,0,0,0,0,19.11,100.2,
7.797,3179,70.0,0.0,35.09,-241.3,14.10,2.26,12.2,140.2,105.2,19.1,-63.0,0.02,-63.0,0,0,0,1,0,0,0,0,0,0,0,0,19.11,100.2,
7.897,3162,70.0,0.0,37.78,124.1,14.10,2.25,12.1,139.0,105.3,19.3,-63.0,0.02,-63.0,0,0,0,1,0,0,0,0,0,0,0,0,19.11,100.2,
7.997,3179,70.0,0.0,38.89,13.8,14.10,2.23,11.6,137.8,105.3,17.5,-63.0,0.02,-63.0,0,0,0,1,0,0,0,0,0,0,0,0,19.11,100.2,
8.097,3212,70.0,0.0,44.88,-110.3,14.10,2.66,14.4,136.6,105.5,14.2,-63.0,0.02,-63.0,0,0,0,1,0,0,0,0,0,0,0,0,19.11,120.0,
8.199,3349,70.0,0.0,55.02,303.4,14.10,3.10,17.4,135.4,105.8,12.1,-63.0,0.02,-63.0,0,0,0,1,0,0,0,0,0,0,0,0,19.11,120.4,
8.297,3814,70.0,0.0,63.98,262.0,14.20,3.49,22.1,134.2,106.1,27.7,-63.0,0.02,-63.0,0,0,0,1,0,0,0,0,0,0,0,0,19.11,120.2,
8.399,4952,69.0,0.0,66.26,282.7,14.10,3.29,26.8,134.1,106.4,33.7,-63.0,0.02,-63.0,0,0,0,1,0,0,0,0,0,0,0,0,19.11,120.3,
8.497,6093,70.0,0.0,62.47,-310.3,14.20,3.95,38.9,131.8,106.2,36.6,-63.0,0.02,-63.0,0,0,0,1,0,0,0,0,0,0,0,0,19.11,100.2,
8.597,7218,70.0,0.0,58.40,110.3,14.10,4.27,51.1,130.6,106.1,29.6,-63.0,0.02,-63.0,0,0,0,1,0,0,0,0,0,0,0,0,19.11,100.2,
8.697,8285,70.0,0.0,45.51,-248.2,14.10,3.39,46.2,129.4,105.8,34.2,-63.0,0.02,-63.0,0,0,0,1,0,0,0,0,0,0,0,0,19.11,100.1,
8.797,8886,70.0,0.0,42.40,34.5,14.10,4.02,60.0,128.2,105.4,32.8,-63.0,0.02,-63.0,0,0,0,1,0,0,0,0,0,0,0,0,19.11,100.4,
8.899,8258,70.0,0.0,44.47,627.4,14.20,2.62,36.4,127.0,105.4,29.8,-63.0,0.02,-63.0,0,0,0,1,0,0,0,0,0,0,0,0,19.11,121.8,
8.997,8246,70.0,0.0,42.40,-255.1,14.20,3.77,52.0,125.8,105.4,33.8,-63.0,0.02,-63.0,0,0,0,1,0,0,0,0,0,0,0,0,19.11,100.1,
9.097,8331,70.0,0.0,47.71,324.1,14.10,3.73,52.1,124.6,105.4,32.5,-63.0,0.02,-63.0,0,0,0,1,0,0,0,0,0,0,0,0,19.11,120.5,
9.197,8412,70.0,0.0,42.54,-34.5,14.20,3.70,52.1,123.4,105.5,32.0,-63.0,0.02,-63.0,0,0,0,1,0,0,0,0,0,0,0,0,19.11,120.1,
9.297,8469,70.0,0.0,45.92,268.9,14.20,3.22,45.6,122.2,105.4,32.6,-63.0,0.02,-63.0,0,0,0,1,0,0,0,0,0,0,0,0,19.11,120.2,
9.397,8513,70.0,0.0,43.64,241.3,14.20,3.76,53.7,121.0,105.2,32.2,-63.0,0.02,-63.0,0,0,0,1,0,0,0,0,0,0,0,0,19.11,120.1,
9.500,8622,70.0,0.0,39.58,-165.5,14.20,3.27,46.7,119.8,105.4,32.0,-63.0,0.02,-63.0,0,0,0,1,0,0,0,0,0,0,0,0,19.11,100.1,
9.597,8660,70.0,0.0,44.06,517.1,14.20,2.80,40.2,118.6,105.2,30.7,-63.0,0.02,-63.0,0,0,0,1,0,0,0,0,0,0,0,0,19.11,121.3,
9.697,8727,70.0,0.0,44.06,-55.2,14.10,3.40,49.2,117.4,105.5,33.7,-63.0,0.02,-63.0,0,0,0,1,0,0,0,0,0,0,0,0,19.11,100.2,
9.798,8731,70.0,0.0,42.95,41.4,14.20,3.50,51.2,116.2,105.4,32.6,-63.0,0.02,-63.0,0,0,0,1,0,0,0,0,0,0,0,0,19.11,100.5,
9.898,8514,70.0,0.0,43.37,13.8,14.20,3.22,46.1,115.0,105.4,32.6,-63.0,0.02,-63.0,0,0,0,1,0,0,0,0,0,0,0,0,19.11,100.1,
9.998,8068,70.0,0.0,48.26,386.1,14.20,3.06,41.7,113.8,105.5,31.8,-63.0,0.02,-63.0,0,0,0,1,0,0,0,0,0,0,0,0,19.11,120.7,
10.098,7356,70.0,0.0,50.95,-27.6,14.20,3.14,38.5,112.5,105.8,29.0,-63.0,0.02,-63.0,0,0,0,1,0,0,0,0,0,0,0,0,19.11,120.2,
10.198,6666,70.0,0.0,57.23,75.8,14.20,4.02,45.4,111.3,106.0,28.6,-63.0,0.02,-63.0,0,0,0,1,0,0,0,0,0,0,0,0,19.11,120.1,
10.298,6179,70.0,0.0,64.12,-248.2,14.20,3.77,38.6,110.1,106.2,36.8,-63.0,0.02,-63.0,0,0,0,1,0,0,0,0,0,0,0,0,19.11,100.1,
10.398,5899,70.0,0.0,68.46,-220.6,14.10,3.61,35.2,108.9,106.5,36.1,-63.0,0.02,-63.0,0,0,0,1,0,0,0,0,0,0,0,0,19.11,100.1,
10.498,5604,70.0,0.0,73.77,27.6,14.10,3.75,35.7,107.7,106.6,35.8,-63.0,0.02,-63.0,0,0,0,1,0,0,0,0,0,0,0,0,19.11,121.1,
10.600,5318,70.0,0.0,76.19,96.5,14.20,3.30,29.8,106.5,106.9,35.3,-63.0,0.02,-63.0,0,0,0,1,0,0,0,0,0,0,0,0,19.11,100.1,
10.698,5164,70.0,0.0,76.60,20.7,14.20,3.37,29.6,105.3,106.9,35.1,-63.0,0.02,-63.0,0,0,0,1,0,0,0,0,0,0,0,0,19.11,100.1,
10.798,5014,70.0,0.0,69.43,-537.8,14.20,3.79,31.3,104.1,106.6,35.3,-63.0,0.02,-63.0,0,0,0,1,0,0,0,0,0,0,0,0,19.11,100.5,
10.898,4874,69.0,0.0,61.43,-565.4,14.20,3.50,28.0,104.0,105.8,36.1,-63.0,0.02,-63.0,0,0,0,1,0,0,0,0,0,0,0,0,19.11,100.6,
10.998,4795,69.0,0.0,52.33,-489.5,14.20,3.17,25.0,102.8,105.6,25.2,-63.0,0.02,-63.0,0,0,0,1,0,0,0,0,0,0,0,0,19.11,100.5,
11.098,4744,69.0,0.0,44.20,-413.7,14.10,2.63,20.8,101.6,105.2,20.7,-63.0,0.02,-63.0,0,0,0,1,0,0,0,0,0,0,0,0,19.11,100.5,
11.199,4738,69.0,0.0,39.30,-289.6,14.10,2.45,19.2,100.4,105.0,20.4,-63.0,0.02,-63.0,0,0,0,1,0,0,0,0,0,0,0,0,19.11,100.5,
11.298,4607,69.0,0.0,37.23,-55.2,14.10,1.83,14.3,100.0,104.9,18.8,-63.0,0.02,-63.0,0,0,0,1,0,0,0,0,0,0,0,0,19.11,100.5,
11.398,4380,69.0,0.0,35.92,117.2,14.20,1.94,14.3,100.0,104.7,16.3,-63.0,0.02,-63.0,0,0,0,1,0,0,0,0,0,0,0,0,19.11,100.5,
11.498,4386,69.0,0.0,32.13,-89.6,14.10,1.98,14.3,100.0,104.6,16.6,-63.0,0.02,-63.0,0,0,0,1,0,0,0,0,0,0,0,0,19.11,100.5,
11.598,4221,69.0,0.0,32.82,27.6,14.10,2.27,16.1,100.0,104.7,18.3,-63.0,0.02,-63.0,0,0,0,1,0,0,0,0,0,0,0,0,19.11,100.5,
11.698,4243,69.0,0.0,42.68,103.4,14.10,2.43,16.9,100.0,104.8,15.6,-63.0,0.02,-63.0,0,0,0,1,0,0,0,0,0,0,0,0,19.11,120.4,
11.798,4292,69.0,0.0,54.33,124.1,14.20,3.04,21.8,100.0,105.4,14.0,-63.0,0.02,-63.0,0,0,0,1,0,0,0,0,0,0,0,0,19.11,120.3,
11.898,4550,69.0,0.0,60.05,275.8,14.20,3.43,26.3,100.0,105.6,20.3,-63.0,0.02,-63.0,0,0,0,1,0,0,0,0,0,0,0,0,19.11,120.3,
11.998,4688,69.0,0.0,63.57,303.4,14.20,2.66,21.1,100.0,105.8,26.2,-63.0,0.02,-63.0,0,0,0,1,0,0,0,0,0,0,0,0,19.11,120.4,
12.099,4724,69.0,0.0,66.12,262.0,14.10,2.80,22.3,100.0,105.9,33.7,-63.0,0.02,-63.0,0,0,0,1,0,0,0,0,0,0,0,0,19.11,120.2,
12.198,4886,69.0,0.0,69.98,386.1,14.20,2.68,22.2,100.0,106.0,36.0,-63.0,0.02,-63.0,0,0,0,1,0,0,0,0,0,0,0,0,19.11,120.7,
12.298,5064,69.0,0.0,71.84,89.6,14.20,3.24,27.8,100.0,106.1,35.9,-63.0,0.02,-63.0,0,0,0,1,0,0,0,0,0,0,0,0,19.11,120.4,
12.398,5383,69.0,0.0,69.43,-310.3,14.10,3.45,30.3,100.0,106.1,36.0,-63.0,0.02,-63.0,0,0,0,1,0,0,0,0,0,0,0,0,19.11,100.2,
12.498,5388,69.0,0.0,74.95,296.5,14.10,2.96,27.0,100.0,106.1,35.9,-63.0,0.02,-63.0,0,0,0,1,0,0,0,0,0,0,0,0,19.11,120.3,
12.598,5564,69.0,0.0,71.57,-89.6,14.10,3.02,27.6,100.0,106.1,35.9,-63.0,0.02,-63.0,0,0,0,1,0,0,0,0,0,0,0,0,19.11,100.1,
12.698,5841,69.0,0.0,67.64,-503.3,14.10,3.56,34.0,100.0,106.0,36.2,-63.0,0.02,-63.0,0,0,0,1,0,0,0,0,0,0,0,0,19.11,100.5,
12.799,6120,69.0,0.0,69.29,-27.6,14.20,2.94,29.5,100.0,106.1,36.5,-63.0,0.02,-63.0,0,0,0,1,0,0,0,0,0,0,0,0,19.11,100.2,
12.898,6142,69.0,0.0,66.12,-330.9,14.20,3.44,34.8,100.0,105.9,36.7,-63.0,0.02,-63.0,0,0,0,1,0,0,0,0,0,0,0,0,19.11,100.2,
12.998,6423,69.0,0.0,71.02,-193.1,14.20,4.01,42.3,100.0,106.0,37.1,-63.0,0.02,-63.0,0,0,0,1,0,0,0,0,0,0,0,0,19.11,121.1,
13.098,6500,69.0,0.0,75.36,303.4,14.20,3.60,39.3,100.0,106.2,37.0,-63.0,0.02,-63.0,0,0,0,1,0,0,0,0,0,0,0,0,19.11,120.4,
13.198,6813,69.0,0.0,68.74,-482.6,14.20,4.21,47.1,100.0,106.1,37.0,-63.0,0.02,-63.0,0,0,0,1,0,0,0,0,0,0,0,0,19.11,100.4,
13.299,7154,69.0,0.0,69.57,-165.5,14.20,4.17,49.1,100.0,106.2,36.3,-63.0,0.02,-63.0,0,0,0,1,0,0,0,0,0,0,0,0,19.11,121.6,
13.398,7394,69.0,0.0,67.50,213.7,14.10,4.12,50.0,100.0,105.9,37.3,-63.0,0.02,-63.0,0,0,0,1,0,0,0,0,0,0,0,0,19.11,120.0,
13.498,7619,69.0,0.0,65.36,-206.8,14.20,4.85,61.0,100.0,105.8,37.8,-63.0,0.02,-63.0,0,0,0,1,0,0,0,0,0,0,0,0,19.11,120.6,
13.598,7903,69.0,0.0,68.46,517.1,14.10,3.98,52.6,100.0,105.8,36.6,-63.0,0.02,-63.0,0,0,0,1,0,0,0,0,0,0,0,0,19.11,121.3,
13.699,8118,69.0,0.0,67.78,413.7,14.20,4.01,54.5,100.0,105.8,37.6,-63.0,0.02,-63.0,0,0,0,1,0,0,0,0,0,0,0,0,19.11,120.9,
13.800,8417,69.0,0.0,64.81,137.9,14.20,4.02,56.6,100.0,105.8,39.2,-63.0,0.02,-63.0,0,0,0,1,0,0,0,0,0,0,0,0,19.11,100.5,
13.898,8700,69.0,0.0,65.78,172.4,14.10,4.82,70.1,100.0,105.8,39.5,-63.0,0.02,-63.0,0,0,0,1,0,0,0,0,0,0,0,0,19.11,121.0,
13.999,9045,69.0,0.0,65.22,503.3,14.10,4.26,63.7,100.0,105.6,35.0,-63.0,0.02,-63.0,0,0,0,1,0,0,0,0,0,0,0,0,19.11,121.3,
14.098,9255,69.0,0.0,63.43,282.7,14.20,4.30,66.5,100.0,105.7,36.4,-63.0,0.02,-63.0,0,0,0,1,0,0,0,0,0,0,0,0,19.11,120.3,
14.199,9431,69.0,0.0,51.50,-399.9,14.20,4.33,68.4,100.0,105.6,34.9,-63.0,0.02,-63.0,0,0,0,1,0,0,0,0,0,0,0,0,19.11,100.3,
14.300,9607,69.0,0.0,48.95,-110.3,14.10,3.74,60.0,100.0,105.3,34.7,-63.0,0.02,-63.0,0,0,0,1,0,0,0,0,0,0,0,0,19.11,100.3,
14.399,9765,69.0,0.0,41.71,-282.7,14.10,3.73,60.9,100.0,105.1,36.4,-63.0,0.02,-63.0,0,0,0,1,0,0,0,0,0,0,0,0,19.11,100.3,
14.498,9021,69.0,0.0,20.68,-268.9,14.00,3.44,52.1,100.0,104.4,28.9,-63.0,0.02,-63.0,0,0,0,1,0,0,0,0,0,0,0,0,19.11,100.4,
14.598,8492,69.0,0.0,14.07,-103.4,14.10,2.53,35.6,100.0,103.9,25.3,-63.0,0.02,-63.0,0,0,0,1,0,0,0,0,0,0,0,0,19.11,100.4,
14.698,8566,69.0,0.0,11.10,13.8,14.00,2.44,34.7,100.0,103.8,18.1,-63.0,0.02,-63.0,0,0,0,1,0,0,0,0,0,0,0,0,19.11,100.4,
14.799,8778,69.0,0.0,12.07,13.8,14.00,2.68,39.4,100.0,103.9,21.0,-63.0,0.02,-63.0,0,0,0,1,0,0,0,0,0,0,0,0,19.11,100.4,
14.898,8790,69.0,0.0,12.41,-41.4,14.00,2.67,39.1,100.0,103.9,23.6,-63.0,0.02,-63.0,0,0,0,1,0,0,0,0,0,0,0,0,19.11,100.4,
14.998,8527,69.0,0.0,15.31,75.8,14.10,2.53,36.0,100.0,103.9,25.1,-63.0,0.02,-63.0,0,0,0,1,0,0,0,0,0,0,0,0,19.11,100.4,
15.098,8275,69.0,0.0,16.75,110.3,14.10,2.56,35.3,100.0,103.9,25.2,-63.0,0.02,-63.0,0,0,0,1,0,0,0,0,0,0,0,0,19.11,100.4,
15.198,8124,69.0,0.0,17.03,-103.4,14.10,2.72,36.9,100.0,104.1,25.9,-63.0,0.02,-63.0,0,0,0,1,0,0,0,0,0,0,0,0,19.11,100.4,
15.298,7923,69.0,0.0,18.41,27.6,14.10,2.56,33.8,100.0,104.1,25.3,-63.0,0.02,-63.0,0,0,0,1,0,0,0,0,0,0,0,0,19.11,100.1,
15.398,7797,69.0,0.0,20.55,6.9,14.10,3.14,40.9,100.0,104.1,26.5,-63.0,0.02,-63.0,0,0,0,1,0,0,0,0,0,0,0,0,19.11,120.1,
15.499,7541,69.0,0.0,27.79,186.2,14.10,3.15,39.7,100.0,104.4,27.2,-63.0,0.02,-63.0,0,0,0,1,0,0,0,0,0,0,0,0,19.11,100.1,
15.598,7447,69.0,0.0,29.79,-151.7,14.10,2.20,27.0,100.0,104.6,29.1,-63.0,0.02,-63.0,0,0,0,1,0,0,0,0,0,0,0,0,19.11,100.1,
15.698,7916,69.0,0.0,34.96,-41.4,14.10,2.42,32.0,100.0,104.6,29.6,-63.0,0.02,-63.0,0,0,0,1,0,0,0,0,0,0,0,0,19.11,120.7,
15.798,8029,69.0,0.0,33.44,-275.8,14.10,2.51,33.6,100.0,104.8,29.4,-63.0,0.02,-63.0,0,0,0,1,0,0,0,0,0,0,0,0,19.11,100.1,
15.898,7473,69.0,0.0,42.54,144.8,14.10,2.69,33.7,100.0,105.0,29.9,-63.0,0.02,-63.0,0,0,0,1,0,0,0,0,0,0,0,0,19.11,120.3,
16.000,7563,69.0,0.0,41.16,213.7,14.20,1.95,24.4,100.0,104.8,28.9,-63.0,0.02,-63.0,0,0,0,1,0,0,0,0,0,0,0,0,19.11,120.0,
16.098,7522,69.0,0.0,36.47,-296.5,14.20,2.33,29.0,100.0,104.9,29.6,-63.0,0.02,-63.0,0,0,0,1,0,0,0,0,0,0,0,0,19.11,100.2,
16.198,7337,69.0,0.0,37.23,-96.5,14.20,2.08,25.5,100.0,104.8,28.8,-63.0,0.02,-63.0,0,0,0,1,0,0,0,0,0,0,0,0,19.11,100.3,
16.300,7189,69.0,0.0,34.82,48.3,14.20,1.96,23.5,100.0,104.7,28.5,-63.0,0.02,-63.0,0,0,0,1,0,0,0,0,0,0,0,0,19.11,100.1,
16.400,7191,69.0,0.0,36.06,27.6,14.20,2.12,25.5,100.0,104.7,27.9,-63.0,0.02,-63.0,0,0,0,1,0,0,0,0,0,0,0,0,19.11,120.3,
16.498,7578,69.0,0.0,47.71,427.5,14.20,2.79,35.1,100.0,105.0,30.8,-63.0,0.02,-63.0,0,0,0,1,0,0,0,0,0,0,0,0,19.11,120.9,
16.598,8250,69.0,0.0,50.54,124.1,14.10,3.20,43.8,100.0,105.1,32.9,-63.0,0.02,-63.0,0,0,0,1,0,0,0,0,0,0,0,0,19.11,120.6,
16.699,8012,69.0,0.0,49.09,199.9,14.10,2.81,37.6,100.0,105.2,33.2,-63.0,0.02,-63.0,0,0,0,1,0,0,0,0,0,0,0,0,19.11,100.2,
16.798,7901,69.0,0.0,52.47,248.2,14.10,2.79,36.9,100.0,105.3,32.3,-63.0,0.02,-63.0,0,0,0,1,0,0,0,0,0,0,0,0,19.11,120.1,
16.898,8211,69.0,0.0,47.71,-351.6,14.10,3.05,41.4,100.0,105.3,30.6,-63.0,0.02,-63.0,0,0,0,1,0,0,0,0,0,0,0,0,19.11,100.3,
16.998,8128,69.0,0.0,41.09,62.1,14.10,2.70,36.5,100.0,105.1,30.4,-63.0,0.02,-63.0,0,0,0,1,0,0,0,0,0,0,0,0,19.11,100.3,
17.098,7638,69.0,0.0,24.13,89.6,14.10,2.93,37.8,100.0,104.3,26.7,-63.0,0.02,-63.0,0,0,0,1,0,0,0,0,0,0,0,0,19.11,100.3,
17.198,6797,69.0,0.0,17.17,48.3,14.10,1.77,20.2,100.0,104.1,23.7,-63.0,0.02,-63.0,0,0,0,1,0,0,0,0,0,0,0,0,19.11,100.3,
17.300,7149,69.0,0.0,12.34,-124.1,14.20,1.76,21.0,100.0,103.9,23.2,-63.0,0.02,-63.0,0,0,0,1,0,0,0,0,0,0,0,0,19.11,100.3,
17.399,7260,69.0,0.0,11.24,27.6,14.20,1.76,21.3,100.0,103.8,17.2,-63.0,0.02,-63.0,0,0,0,1,0,0,0,0,0,0,0,0,19.11,100.3,
17.499,7191,69.0,0.0,9.17,-27.6,14.10,1.76,21.1,100.0,103.7,16.0,-63.0,0.02,-63.0,0,0,0,1,0,0,0,0,0,0,0,0,19.11,100.3,
17.598,6941,69.0,0.0,9.17,41.4,14.20,1.76,20.5,100.0,103.7,16.0,-63.0,0.02,-63.0,0,0,0,1,0,0,0,0,0,0,0,0,19.11,100.3,
17.698,6722,69.0,0.0,7.58,-179.3,14.20,1.76,19.8,100.0,103.7,16.0,-63.0,0.02,-63.0,0,0,0,1,0,0,0,0,0,0,0,0,19.11,100.3,
17.798,6549,69.0,0.0,9.86,-6.9,14.20,1.76,19.2,100.0,103.8,15.8,-63.0,0.02,-63.0,0,0,0,1,0,0,0,0,0,0,0,0,19.11,100.3,
17.899,6437,69.0,0.0,11.65,62.1,14.20,1.76,18.9,100.0,103.8,17.5,-63.0,0.02,-63.0,0,0,0,1,0,0,0,0,0,0,0,0,19.11,100.3,
17.998,6221,69.0,0.0,15.58,-186.2,14.10,2.22,23.2,100.0,103.9,24.1,-63.0,0.02,-63.0,0,0,0,1,0,0,0,0,0,0,0,0,19.11,120.7,
18.098,5963,69.0,0.0,20.20,-48.3,14.10,2.94,29.3,100.0,104.1,24.3,-63.0,0.02,-63.0,0,0,0,1,0,0,0,0,0,0,0,0,19.11,120.7,
18.198,5822,69.0,0.0,35.37,-186.2,14.10,2.49,24.2,100.0,104.7,25.8,-63.0,0.02,-63.0,0,0,0,1,0,0,0,0,0,0,0,0,19.11,121.3,
18.298,6345,69.0,0.0,47.30,-262.0,14.10,2.94,30.6,100.0,105.1,27.1,-63.0,0.02,-63.0,0,0,0,1,0,0,0,0,0,0,0,0,19.11,100.1,
18.398,6653,69.0,0.0,51.23,255.1,14.10,2.57,29.0,100.0,105.4,30.7,-63.0,0.02,-63.0,0,0,0,1,0,0,0,0,0,0,0,0,19.11,120.2,
18.498,6749,69.0,0.0,50.95,-103.4,14.20,3.05,34.2,100.0,105.3,27.9,-63.0,0.02,-63.0,0,0,0,1,0,0,0,0,0,0,0,0,19.11,120.0,
18.598,6411,69.0,0.0,55.43,96.5,14.10,3.35,36.1,100.0,106.0,27.0,-63.0,0.02,-63.0,0,0,0,1,0,0,0,0,0,0,0,0,19.11,120.9,
18.698,6734,69.0,0.0,56.81,-68.9,14.20,3.46,38.7,100.0,105.8,30.1,-63.0,0.02,-63.0,0,0,0,1,0,0,0,0,0,0,0,0,19.11,120.7,
18.798,6991,70.0,0.0,61.16,-393.0,14.10,3.82,43.8,100.0,106.2,37.3,-63.0,0.02,-63.0,0,0,0,1,0,0,0,0,0,0,0,0,19.11,100.3,
18.900,7282,70.0,0.0,69.71,413.7,14.10,3.82,45.5,100.0,106.3,37.3,-63.0,0.02,-63.0,0,0,0,1,0,0,0,0,0,0,0,0,19.11,120.9,
18.998,7684,70.0,0.0,71.57,68.9,14.00,4.95,62.6,100.0,106.6,37.3,-63.0,0.02,-63.0,0,0,0,1,0,0,0,0,0,0,0,0,19.11,120.3,
19.098,7836,70.0,0.0,76.46,275.8,14.10,5.19,68.4,100.0,106.5,37.6,-63.0,0.02,-63.0,0,0,0,1,0,0,0,0,0,0,0,0,19.11,120.3,
19.200,8307,70.0,0.0,71.98,-248.2,14.10,5.52,76.8,100.0,106.7,37.7,-63.0,0.02,-63.0,0,0,0,1,0,0,0,0,0,0,0,0,19.11,100.1,
19.298,8662,70.0,0.0,73.91,248.2,14.10,5.14,74.6,100.0,106.6,38.4,-63.0,0.02,-63.0,0,0,0,1,0,0,0,0,0,0,0,0,19.11,120.1,
19.399,9187,70.0,0.0,67.22,-82.7,14.00,4.39,66.5,100.0,106.5,39.3,-63.0,0.02,-63.0,0,0,0,1,0,0,0,0,0,0,0,0,19.11,100.1,
19.498,8946,70.0,0.0,66.53,-213.7,14.00,4.36,65.5,100.0,106.5,39.2,-63.0,0.02,-63.0,0,0,0,1,0,0,0,0,0,0,0,0,19.11,100.1,
19.598,8978,70.0,0.0,69.29,372.3,14.00,4.19,62.4,100.0,106.3,39.5,-63.0,0.02,-63.0,0,0,0,1,0,0,0,0,0,0,0,0,19.11,120.7,
19.698,9140,70.0,0.0,69.57,296.5,14.00,5.04,77.1,100.0,106.4,39.5,-63.0,0.02,-63.0,0,0,0,1,0,0,0,0,0,0,0,0,19.11,120.3,
19.798,9420,70.0,0.0,67.22,-6.9,14.00,4.52,70.4,100.0,106.4,39.7,-63.0,0.02,-63.0,0,0,0,1,0,0,0,0,0,0,0,0,19.11,100.3,
19.898,9696,70.0,0.0,65.50,-75.8,14.00,4.54,72.9,100.0,106.5,39.8,-63.0,0.02,-63.0,0,0,0,1,0,0,0,0,0,0,0,0,19.11,100.1,
19.999,9911,70.0,0.0,67.36,-124.1,14.00,5.36,88.9,100.0,106.5,40.1,-63.0,0.02,-63.0,0,0,0,1,0,0,0,0,0,0,0,0,19.11,120.7,
20.100,10290,70.0,0.0,63.57,-275.8,14.00,5.12,87.2,100.0,106.5,40.4,-63.0,0.02,-63.0,0,0,0,1,0,0,0,0,0,0,0,0,19.11,100.1,
20.199,10361,70.0,0.0,58.67,-172.4,14.00,4.33,75.0,100.0,106.1,38.7,-63.0,0.02,-63.0,0,0,0,1,0,0,0,0,0,0,0,0,19.11,100.5,
20.298,9951,70.0,0.0,34.40,34.5,14.00,3.51,58.6,100.0,105.0,25.1,-63.0,0.02,-63.0,0,0,0,1,0,0,0,0,0,0,0,0,19.11,100.6,
20.399,9085,70.0,0.0,20.06,62.1,14.10,2.99,45.5,100.0,104.4,27.3,-63.0,0.02,-63.0,0,0,0,1,0,0,0,0,0,0,0,0,19.11,100.6,
20.498,9426,70.0,0.0,12.96,-27.6,14.10,2.71,42.5,100.0,104.2,24.5,-63.0,0.02,-63.0,0,0,0,1,0,0,0,0,0,0,0,0,19.11,100.6,
20.598,9633,70.0,0.0,8.89,-151.7,14.10,2.60,41.6,100.0,104.1,17.5,-63.0,0.02,-63.0,0,0,0,1,0,0,0,0,0,0,0,0,19.11,100.6,
20.698,9566,70.0,0.0,7.03,-13.8,14.00,2.58,41.1,100.0,104.0,15.9,-63.0,0.02,-63.0,0,0,0,1,0,0,0,0,0,0,0,0,19.11,100.6,
20.799,9314,70.0,0.0,6.48,6.9,14.10,2.63,40.9,100.0,104.0,15.9,-63.0,0.02,-63.0,0,0,0,1,0,0,0,0,0,0,0,0,19.11,100.6,
20.898,9018,70.0,0.0,12.34,-13.8,14.10,2.83,42.6,100.0,104.2,23.1,-63.0,0.02,-63.0,0,0,0,1,0,0,0,0,0,0,0,0,19.11,100.6,
20.999,8905,70.0,0.0,14.48,-6.9,14.10,2.82,41.9,100.0,104.2,25.6,-63.0,0.02,-63.0,0,0,0,1,0,0,0,0,0,0,0,0,19.11,100.6,
21.098,8643,70.0,0.0,16.00,41.4,14.10,2.64,38.1,100.0,104.2,25.6,-63.0,0.02,-63.0,0,0,0,1,0,0,0,0,0,0,0,0,19.11,100.6,
21.198,8244,70.0,0.0,20.82,20.7,14.10,2.87,39.6,100.0,104.5,26.7,-63.0,0.02,-63.0,0,0,0,1,0,0,0,0,0,0,0,0,19.11,100.6,
21.298,7974,70.0,0.0,27.51,110.3,14.10,3.37,44.7,100.0,104.7,28.2,-63.0,0.02,-63.0,0,0,0,1,0,0,0,0,0,0,0,0,19.11,100.6,
21.398,8579,70.0,0.0,45.51,-324.1,14.00,3.28,46.2,100.0,105.6,33.0,-63.0,0.02,-63.0,0,0,0,1,0,0,0,0,0,0,0,0,19.11,100.2,
21.498,9588,70.0,0.0,49.44,-55.2,14.00,4.23,67.3,100.0,105.8,34.7,-63.0,0.02,-63.0,0,0,0,1,0,0,0,0,0,0,0,0,19.11,120.6,
21.599,9431,70.0,0.0,51.78,213.7,14.00,3.60,56.7,100.0,105.7,35.5,-63.0,0.02,-63.0,0,0,0,1,0,0,0,0,0,0,0,0,19.11,120.0,
21.698,9219,70.0,0.0,53.16,68.9,14.00,4.32,66.8,100.0,105.8,32.7,-63.0,0.02,-63.0,0,0,0,1,0,0,0,0,0,0,0,0,19.11,120.0,
21.798,8731,70.0,0.0,36.34,-199.9,14.10,2.75,39.9,100.0,105.4,30.8,-63.0,0.02,-63.0,0,0,0,1,0,0,0,0,0,0,0,0,19.11,100.2,
21.899,8939,70.0,0.0,37.78,110.3,14.20,2.94,43.8,100.0,105.2,31.2,-63.0,0.02,-63.0,0,0,0,1,0,0,0,0,0,0,0,0,19.11,100.2,
21.998,9116,70.0,0.0,37.65,-27.6,14.20,3.68,55.8,100.0,105.3,32.0,-63.0,0.02,-63.0,0,0,0,1,0,0,0,0,0,0,0,0,19.11,120.1,
22.098,8978,70.0,0.0,34.13,-103.4,14.20,3.28,49.1,100.0,105.1,31.5,-63.0,0.02,-63.0,0,0,0,1,0,0,0,0,0,0,0,0,19.11,120.1,
22.199,8754,70.0,0.0,25.58,34.5,14.20,3.56,52.3,100.0,104.6,29.1,-63.0,0.02,-63.0,0,0,0,1,0,0,0,0,0,0,0,0,19.11,100.1,
22.300,7898,70.0,0.0,13.51,-13.8,14.20,2.49,33.0,100.0,104.2,23.1,-63.0,0.02,-63.0,0,0,0,1,0,0,0,0,0,0,0,0,19.11,100.3,
22.398,8093,70.0,0.0,9.58,-20.7,14.20,2.45,33.1,100.0,104.0,15.9,-63.0,0.02,-63.0,0,0,0,1,0,0,0,0,0,0,0,0,19.11,100.3,
22.498,8169,70.0,0.0,7.45,-34.5,14.10,2.45,33.3,100.0,104.0,15.9,-63.0,0.02,-63.0,0,0,0,1,0,0,0,0,0,0,0,0,19.11,100.3,
22.598,8232,70.0,0.0,8.48,48.3,14.10,2.42,33.2,100.0,104.0,15.9,-63.0,0.02,-63.0,0,0,0,1,0,0,0,0,0,0,0,0,19.11,100.3,
22.698,7944,70.0,0.0,17.58,131.0,14.10,2.93,39.0,100.0,104.2,25.0,-63.0,0.02,-63.0,0,0,0,1,0,0,0,0,0,0,0,0,19.11,120.0,
22.798,7582,70.0,0.0,24.27,110.3,14.20,3.25,41.2,100.0,104.6,26.5,-63.0,0.02,-63.0,0,0,0,1,0,0,0,0,0,0,0,0,19.11,120.5,
22.898,8021,70.0,0.0,44.61,220.6,14.10,3.18,42.3,100.0,105.4,31.3,-63.0,0.02,-63.0,0,0,0,1,0,0,0,0,0,0,0,0,19.11,120.0,
22.998,8802,70.0,0.0,46.88,-89.6,14.20,3.68,54.0,100.0,105.6,35.3,-63.0,0.02,-63.0,0,0,0,1,0,0,0,0,0,0,0,0,19.11,120.8,
23.098,8253,70.0,0.0,44.20,68.9,14.20,2.80,38.9,100.0,105.5,31.9,-63.0,0.02,-63.0,0,0,0,1,0,0,0,0,0,0,0,0,19.11,100.2,
23.198,8100,70.0,0.0,47.57,131.0,14.20,2.80,38.0,100.0,105.5,33.5,-63.0,0.02,-63.0,0,0,0,1,0,0,0,0,0,0,0,0,19.11,100.2,
23.299,8368,70.0,0.0,44.88,-337.8,14.20,3.23,45.2,100.0,105.7,33.3,-63.0,0.02,-63.0,0,0,0,1,0,0,0,0,0,0,0,0,19.11,100.2,
23.398,8607,70.0,0.0,53.50,661.9,14.20,2.99,43.0,100.0,105.7,33.4,-63.0,0.02,-63.0,0,0,0,1,0,0,0,0,0,0,0,0,19.11,122.0,
23.500,8742,70.0,0.0,49.37,-131.0,14.20,3.54,51.2,100.0,105.8,31.9,-63.0,0.02,-63.0,0,0,0,1,0,0,0,0,0,0,0,0,19.11,120.2,
23.598,8839,70.0,0.0,49.44,-27.6,14.20,3.23,47.2,100.0,105.7,33.6,-63.0,0.02,-63.0,0,0,0,1,0,0,0,0,0,0,0,0,19.11,100.4,
23.698,9028,70.0,0.0,51.64,461.9,14.20,3.45,52.1,100.0,105.5,35.3,-63.0,0.02,-63.0,0,0,0,1,0,0,0,0,0,0,0,0,19.11,121.1,
23.798,9048,70.0,0.0,42.68,-172.4,14.20,3.46,52.0,100.0,105.6,33.8,-63.0,0.02,-63.0,0,0,0,1,0,0,0,0,0,0,0,0,19.11,100.4,
23.898,8787,70.0,0.0,33.03,206.8,14.20,3.10,45.6,100.0,105.0,30.7,-63.0,0.02,-63.0,0,0,0,1,0,0,0,0,0,0,0,0,19.11,100.4,
23.998,8288,70.0,0.0,38.47,503.3,14.20,2.51,34.7,100.0,104.9,30.7,-63.0,0.02,-63.0,0,0,0,1,0,0,0,0,0,0,0,0,19.11,121.3,
24.099,8917,70.0,0.0,38.47,-262.0,14.20,3.66,53.9,100.0,105.4,32.6,-63.0,0.02,-63.0,0,0,0,1,0,0,0,0,0,0,0,0,19.11,100.1,
24.198,9226,70.0,0.0,48.68,220.6,14.20,3.99,61.7,100.0,105.6,35.7,-63.0,0.02,-63.0,0,0,0,1,0,0,0,0,0,0,0,0,19.11,120.0,
24.298,9388,70.0,0.0,44.20,-103.4,14.20,3.98,62.2,100.0,105.5,35.6,-63.0,0.02,-63.0,0,0,0,1,0,0,0,0,0,0,0,0,19.11,120.6,
24.398,9437,70.0,0.0,55.30,358.5,14.20,4.17,65.2,100.0,105.8,33.3,-63.0,0.02,-63.0,0,0,0,1,0,0,0,0,0,0,0,0,19.11,120.6,
24.498,9767,70.0,0.0,56.54,-158.6,14.10,4.44,71.8,100.0,106.1,36.4,-63.0,0.02,-63.0,0,0,0,1,0,0,0,0,0,0,0,0,19.11,100.2,
24.598,9853,70.0,0.0,56.12,-227.5,14.10,4.48,73.1,100.0,106.1,36.4,-63.0,0.02,-63.0,0,0,0,1,0,0,0,0,0,0,0,0,19.11,100.2,
24.698,10169,70.0,0.0,61.91,330.9,14.10,4.48,75.9,100.0,106.1,36.9,-63.0,0.02,-63.0,0,0,0,1,0,0,0,0,0,0,0,0,19.11,120.5,
24.798,10299,70.0,0.0,63.85,358.5,14.10,4.45,76.0,100.0,106.2,37.7,-63.0,0.02,-63.0,0,0,0,1,0,0,0,0,0,0,0,0,19.11,120.6,
24.898,10033,70.0,0.0,55.85,241.3,14.10,4.20,70.7,100.0,106.0,34.4,-63.0,0.02,-63.0,0,0,0,1,0,0,0,0,0,0,0,0,19.11,120.1,
24.998,10026,70.0,0.0,52.06,165.5,14.10,4.07,67.7,100.0,105.8,35.7,-63.0,0.02,-63.0,0,0,0,1,0,0,0,0,0,0,0,0,19.11,100.2,
25.098,10457,70.0,0.0,59.36,-48.3,14.10,4.97,86.7,100.0,106.1,39.7,-63.0,0.02,-63.0,0,0,0,1,0,0,0,0,0,0,0,0,19.11,121.6,
25.198,10318,70.0,0.0,63.71,-13.8,14.10,4.37,74.3,100.0,106.3,40.8,-63.0,0.02,-63.0,0,0,0,1,0,0,0,0,0,0,0,0,19.11,100.1,
25.298,9914,70.0,0.0,78.74,565.4,14.10,5.47,91.1,100.0,106.7,39.7,-63.0,0.02,-63.0,0,0,0,1,0,0,0,0,0,0,0,0,19.11,121.5,
25.400,10222,70.0,0.0,70.33,-296.5,14.20,0.00,92.5,100.0,106.7,39.7,-63.0,0.02,-63.0,0,0,0,1,0,0,0,0,0,0,0,0,19.11,100.2,
25.499,10734,70.0,0.0,74.53,565.4,14.20,0.00,70.5,100.0,106.5,41.1,-63.0,0.02,-63.0,0,0,0,1,0,0,0,0,0,0,0,0,19.11,121.5,
25.599,10411,70.0,0.0,65.78,-324.1,14.10,5.02,86.6,100.0,106.5,40.2,-63.0,0.02,-63.0,0,0,0,1,0,0,0,0,0,0,0,0,19.11,100.2,
25.698,10139,70.0,0.0,61.43,-717.1,14.00,5.38,89.6,100.0,106.5,40.0,-63.0,0.02,-63.0,0,0,0,1,0,0,0,0,0,0,0,0,19.11,100.8,
25.798,9925,70.0,0.0,59.64,179.3,14.00,4.58,76.3,100.0,106.2,35.6,-63.0,0.02,-63.0,0,0,0,1,0,0,0,0,0,0,0,0,19.11,100.4,
25.899,10337,70.0,0.0,51.09,399.9,14.20,0.00,68.5,100.0,105.8,37.6,-63.0,0.02,-63.0,0,0,0,1,0,0,0,0,0,0,0,0,19.11,120.8,
25.998,10506,70.0,0.0,49.23,275.8,14.20,3.92,68.5,100.0,105.8,37.3,-63.0,0.02,-63.0,0,0,0,1,0,0,0,0,0,0,0,0,19.11,120.3,
26.098,10176,70.0,0.0,51.37,234.4,14.10,4.01,67.5,100.0,105.7,37.8,-63.0,0.02,-63.0,0,0,0,1,0,0,0,0,0,0,0,0,19.11,120.1,
26.199,10139,70.0,0.0,59.36,248.2,14.20,5.13,87.2,100.0,106.0,36.4,-63.0,0.02,-63.0,0,0,0,1,0,0,0,0,0,0,0,0,19.11,120.1,
26.298,10578,70.0,0.0,55.71,-82.7,14.10,0.00,73.5,100.0,106.0,37.9,-63.0,0.02,-63.0,0,0,0,1,0,0,0,0,0,0,0,0,19.11,100.1,
26.398,10366,70.0,0.0,48.26,-131.0,14.10,4.05,69.5,100.0,105.7,37.5,-63.0,0.02,-63.0,0,0,0,1,0,0,0,0,0,0,0,0,19.11,100.2,
26.498,10046,70.0,0.0,40.40,-144.8,14.10,3.70,62.0,100.0,105.4,35.4,-63.0,0.02,-63.0,0,0,0,1,0,0,0,0,0,0,0,0,19.11,100.5,
26.598,9363,70.0,0.0,26.54,-62.1,14.10,3.43,53.8,100.0,104.8,30.8,-63.0,0.02,-63.0,0,0,0,1,0,0,0,0,0,0,0,0,19.11,100.5,
26.698,8942,70.0,0.0,14.07,-103.4,14.20,2.83,42.0,100.0,104.3,25.5,-63.0,0.02,-63.0,0,0,0,1,0,0,0,0,0,0,0,0,19.11,100.5,
26.800,9234,70.0,0.0,10.14,82.7,14.20,2.66,41.0,100.0,104.0,15.9,-63.0,0.02,-63.0,0,0,0,1,0,0,0,0,0,0,0,0,19.11,100.5,
26.898,9330,70.0,0.0,8.48,-27.6,14.20,2.63,40.9,100.0,104.0,15.9,-63.0,0.02,-63.0,0,0,0,1,0,0,0,0,0,0,0,0,19.11,100.5,
26.998,9159,70.0,0.0,17.44,75.8,14.10,3.29,50.4,100.0,104.2,26.9,-63.0,0.02,-63.0,0,0,0,1,0,0,0,0,0,0,0,0,19.11,120.3,
27.098,8742,70.0,0.0,24.27,-27.6,14.20,4.01,58.6,100.0,104.6,28.9,-63.0,0.02,-63.0,0,0,0,1,0,0,0,0,0,0,0,0,19.11,120.2,
27.200,8422,70.0,0.0,29.79,-137.9,14.20,2.71,38.1,100.0,105.0,30.6,-63.0,0.02,-63.0,0,0,0,1,0,0,0,0,0,0,0,0,19.11,120.4,
27.298,9166,70.0,0.0,36.75,144.8,14.20,2.98,45.2,100.0,105.3,31.6,-63.0,0.02,-63.0,0,0,0,1,0,0,0,0,0,0,0,0,19.11,100.1,
27.398,9481,70.0,0.0,36.75,89.6,14.10,3.39,53.6,100.0,105.1,32.4,-63.0,0.02,-63.0,0,0,0,1,0,0,0,0,0,0,0,0,19.11,100.1,
27.498,8663,70.0,0.0,35.23,110.3,14.20,2.47,35.9,100.0,105.0,31.2,-63.0,0.02,-63.0,0,0,0,1,0,0,0,0,0,0,0,0,19.11,100.2,
27.598,8842,70.0,0.0,31.30,-131.0,14.20,2.59,38.2,100.0,105.0,31.7,-63.0,0.02,-63.0,0,0,0,1,0,0,0,0,0,0,0,0,19.11,100.3,
27.698,8816,70.0,0.0,31.58,55.2,14.20,3.43,50.4,100.0,105.0,30.7,-63.0,0.02,-63.0,0,0,0,1,0,0,0,0,0,0,0,0,19.11,120.1,
27.799,8509,70.0,0.0,34.40,103.4,14.20,2.54,36.2,100.0,105.0,31.0,-63.0,0.02,-63.0,0,0,0,1,0,0,0,0,0,0,0,0,19.11,120.8,
27.898,8895,70.0,0.0,37.78,296.5,14.20,3.04,45.0,100.0,105.1,31.4,-63.0,0.02,-63.0,0,0,0,1,0,0,0,0,0,0,0,0,19.11,120.3,
27.998,9144,70.0,0.0,34.54,-144.8,14.20,3.15,48.0,100.0,105.2,31.6,-63.0,0.02,-63.0,0,0,0,1,0,0,0,0,0,0,0,0,19.11,100.2,
28.098,8973,70.0,0.0,35.09,-151.7,14.20,3.10,46.5,100.0,105.2,31.4,-63.0,0.02,-63.0,0,0,0,1,0,0,0,0,0,0,0,0,19.11,100.2,
28.198,9094,70.0,0.0,35.65,-89.6,14.20,3.13,47.3,100.0,105.2,31.4,-63.0,0.02,-63.0,0,0,0,1,0,0,0,0,0,0,0,0,19.11,100.2,
28.299,9122,70.0,0.0,37.78,-6.9,14.20,3.68,55.9,100.0,105.2,32.0,-63.0,0.02,-63.0,0,0,0,1,0,0,0,0,0,0,0,0,19.11,120.3,
28.398,9153,70.0,0.0,38.33,-179.3,14.20,3.74,57.3,100.0,105.4,32.9,-63.0,0.02,-63.0,0,0,0,1,0,0,0,0,0,0,0,0,19.11,120.2,
28.498,9101,70.0,0.0,36.47,20.7,14.20,3.02,45.6,100.0,105.4,31.4,-63.0,0.02,-63.0,0,0,0,1,0,0,0,0,0,0,0,0,19.11,100.4,
28.598,9240,70.0,0.0,41.71,13.8,14.20,3.85,59.2,100.0,105.3,33.9,-63.0,0.02,-63.0,0,0,0,1,0,0,0,0,0,0,0,0,19.11,120.4,
28.698,9316,70.0,0.0,43.09,82.7,14.20,3.32,51.9,100.0,105.4,33.9,-63.0,0.02,-63.0,0,0,0,1,0,0,0,0,0,0,0,0,19.11,100.4,
28.798,9336,70.0,0.0,45.02,48.3,14.20,3.96,61.5,100.0,105.8,34.9,-63.0,0.02,-63.0,0,0,0,1,0,0,0,0,0,0,0,0,19.11,120.2,
28.898,9469,71.0,0.0,46.61,310.3,14.20,3.34,52.4,100.0,105.8,34.1,-63.0,0.02,-63.0,0,0,0,1,0,0,0,0,0,0,0,0,19.11,120.4,
28.998,9746,71.0,0.0,56.54,255.1,14.20,4.06,65.5,100.0,106.4,33.7,-63.0,0.02,-63.0,0,0,0,1,0,0,0,0,0,0,0,0,19.11,120.2,
29.100,9853,71.0,0.0,53.43,-296.5,14.20,5.27,87.0,100.0,106.4,35.8,-63.0,0.02,-63.0,0,0,0,1,0,0,0,0,0,0,0,0,19.11,100.2,
29.198,9833,71.0,0.0,53.64,-110.3,14.20,5.07,83.4,100.0,106.3,34.9,-63.0,0.02,-63.0,0,0,0,1,0,0,0,0,0,0,0,0,19.11,120.1,
29.298,9966,71.0,0.0,54.61,-158.6,14.20,5.32,88.5,100.0,106.3,36.6,-63.0,0.02,-63.0,0,0,0,1,0,0,0,0,0,0,0,0,19.11,120.8,
ˇPerformance Electronics File (V5.6) v3.04.50      ™ ë » ˇ 6m•‹JÅ∏Ô&^ïÃ:q®ﬂNÖºÛ  ÙË‹–ƒ	∏¨†îà|pdXL@4!(#%')¯*Ï,‡.                          ™# " !        
 
               $ # "        
 
 	              % $ "        
 
 	              & & % !                        ' ' % $ #                       & $ " !                          !           
               "           
     
 
 	                           
  
                          
                          
                         	                          
                          
                          
 
       * * ) * ( ( % ' !           
       + * * ) ( ( & ( !                  + * * ) ( ( & ( "                  . - - , + ) ) ) "                  / / / / . - + , % " !                / / / / . - * + $ !     ! !             / / / / . - * ( !                  / / / / . - & %                   + + + + . - ( &                   + + + + . - & %                   L L O T T T T T T T T T T T T T T T T T T T T T T T P O S T T T T T T T T T T T T T T T T T T T T T T T U T T T T T T T T T T T T T T T T T T T T T T T T T Z Y X T T T T T T T T T T T T T T T T T T T T T T T ^ ] \ [ Z Y X W V U U T S R R R R R R R R Z Z Z Z R h h h i i i j j j j j k U C R R R R R R R Z Z Z Z R i i j j j j j k k k l l W F D ? L L R R R Z Z Z Z R j j j k k k l l l l l m Y H F A H H R R R Z Z Z Z R p p p q q q q q r r r r [ J H C J H L L R Z Z Z Z R u u u v v v v v w w w w b P N J P N L L R R R R R R u u u v v v v v w w w w d ^ \ d ^ \ [ d d d d R R R w w w w w w w w w w w w f a ^ f a ^ ] ^ \ Z X V T H x x x x x x x x x x x x h c ` h c ` ^ ` ^ \ Z X U H z z z z z z z z z z z z j e c j e c ` b ` ^ [ Y V H w w w x x x x x x x y y l h e l h e b d a _ \ Z W H x x x y y y y y z z z z n j g n j g d f c ` ^ [ X H y y y z z z z z { { { { q l i q l i f g e b _ \ Y H { { { | | | | | | | } } s n k s n k h i f d ` ^ Z H | | | | } } } } } ~ ~ ~ u p m u p m j k h e b _ \ H } } } ~ ~ ~ ~ ~ ~ ~   w s o w s o l m j f c ` ] H ~ ~ ~ ~      Ä Ä Ä y u r y u r n [ W T P M J H    Ä Ä Ä Ä Ä Ä Ä Å Å | w t | w t p \ Y V R N K H Å Å Å Å Ç Ç Ç Ç Ç Ç Ç Ç ~ z v ~ z v r ^ [ W S P L H Ç Ç Ç Ç Ç É É É É É É É Ä | x Ä | x t ` \ X U Q M I É É   Ä Ä Ä Ä Ä Ä Ä Ä ~ z v ~ z v r ^ Z V R N J F \ \ \ \ \ ] ] ] ] ] ] ] ] ^ ^ ^ ^ ^ ^ ^ ^ _ _ _ _ _ [ [ [ \ \ \ \ \ \ \ ] ] ] ] ] ] ^ ^ ^ ^ ^ ^ _ _ _ _ [ [ [ \ \ \ \ \ \ \ ] ] ] ] ] ] ^ ^ ^ ^ ^ ^ _ _ _ _ Z Z Z [ [ [ [ \ \ \ \ ] ] ] ] ^ ^ ^ ^ _ _ _ _ ` ` ` Z Z Z [ [ [ [ \ \ \ \ ] ] ] ] ^ ^ ^ ^ _ _ _ _ ` ` ` Y Y Z Z Z Z [ [ [ \ \ \ \ ] ] ] ] ^ ^ ^ _ _ _ _ ` ` X X Y Y Y Z Z Z [ [ [ \ \ \ \ ] ] ] ^ ^ ^ _ _ _ ` ` X X Y Y Y Z Z Z [ [ [ \ \ \ \ ] ] ] ^ ^ ^ _ _ _ ` ` W W X X Y Y Y Z Z [ [ [ \ \ ] ] ] ^ ^ _ _ _ ` ` a a W W X X Y Y Y Z Z [ [ [ \ \ ] ] ] ^ ^ _ _ _ ` ` a a V V W W X X Y Y Z Z Z [ [ \ \ ] ] ] ^ ^ _ _ ` ` a a V V W W X X Y Y Z Z Z [ [ \ \ ] ] ] ^ ^ _ _ ` ` a a U V V W W X X Y Y Z Z [ [ \ \ ] ] ^ ^ _ _ ` ` a b b T U U V V W W X X Y Z Z [ [ \ \ ] ^ ^ _ _ ` ` a a b T U U V V W W X X Y Z Z [ [ \ \ ] ^ ^ _ _ ` ` a a b S T T U U V W W X X Y Z Z [ [ \ ] ] ^ ^ _ ` ` a a b S T T U U V W W X X Y Z Z [ [ \ ] ] ^ ^ _ ` ` a a b R S S T U U V W W X Y Y Z [ [ \ ] ^ ^ _ ` ` a b b c R S S T U U V W W X Y Y Z [ [ \ ] ^ ^ _ ` ` a b b c Q R R S T U U V W W X Y Z Z [ \ ] ] ^ _ _ ` a b b c P Q R R S T U U V W X X Y Z [ [ \ ] ^ ^ _ ` a a b c P Q R R S T U U V W X X Y Z [ [ \ ] ^ ^ _ ` a a b c O P Q R R S T U V W W X Y Z [ \ \ ] ^ _ ` a a b c d O P Q R R S T U V W W X Y Z [ \ \ ] ^ _ ` a a b c d N O P Q R R S T U V W X Y Y Z [ \ ] ^ _ ` ` a b c d                                                                                                                                                                                                                                                                                                                                                                                                                                                                                                                                                                                                                                                                                 p  d ( 
   ) X             » Ù          ËËd           Ø £ ó ã  x n l f d b ^ Z T N I D                        `‚ñ<&    ‡.‘0    <‚ñ<ñ                                                                                                                                                                                                                                                                                                                                                                                                                                                                                                                                                                                                                                                                      ˇˇˇˇˇˇˇˇˇˇˇˇˇˇˇˇˇ  
   2 
   d ËR˙ »  d   ŸS d                                                                             ø π ≥ ≠ ß ° õ ï è â É } w q k e _ Y S M G A ; 5 / ) ø π ≥ ≠ ß ° õ ï è â É } w q k e _ Y S M G A ; 5 / ) ø π ≥ ≠ ß ° õ ï è â É } w q k e _ Y S M G A ; 5 / ) ø π ≥ ≠ ß ° õ ï è â É } w q k e _ Y S M G A ; 5 / ) ø π ≥ ≠ ß ° õ ï è â É } w q k e _ Y S M G A ; 5 / ) ø π ≥ ≠ ß ° õ ï è â É } w q k e _ Y S M G A ; 5 / ) ø π ≥ ≠ ß ° õ ï è â É } w q k e _ Y S M G A ; 5 / ) ø π ≥ ≠ ß ° õ ï è â É } w q k e _ Y S M G A ; 5 / ) ø π ≥ ≠ ß ° õ ï è â É } w q k e _ Y S M G A ; 5 / ) ø π ≥ ≠ ß ° õ ï è â É } w q k e _ Y S M G A ; 5 / ) ø π ≥ ≠ ß ° õ ï è â É } w q k e _ Y S M G A ; 5 / ) ø π ≥ ≠ ß ° õ ï è â É } w q k e _ Y S M G A ; 5 / ) ø π ≥ ≠ ß ° õ ï è â É } w q k e _ Y S M G A ; 5 / ) ø π ≥ ≠ ß ° õ ï è â É } w q k e _ Y S M G A ; 5 / ) ø π ≥ ≠ ß ° õ ï è â É } w q k e _ Y S M G A ; 5 / ) ø π ≥ ≠ ß ° õ ï è â É } w q k e _ Y S M G A ; 5 / ) ø π ≥ ≠ ß ° õ ï è â É } w q k e _ Y S M G A ; 5 / ) ø π ≥ ≠ ß ° õ ï è â É } w q k e _ Y S M G A ; 5 / ) ø π ≥ ≠ ß ° õ ï è â É } w q k e _ Y S M G A ; 5 / ) ø π ≥ ≠ ß ° õ ï è â É } w q k e _ Y S M G A ; 5 / ) ø π ≥ ≠ ß ° õ ï è â É } w q k e _ Y S M G A ; 5 / ) ø π ≥ ≠ ß ° õ ï è â É } w q k e _ Y S M G A ; 5 / ) ø π ≥ ≠ ß ° õ ï è â É } w q k e _ Y S M G A ; 5 / ) ø π ≥ ≠ ß ° õ ï è â É } w q k e _ Y S M G A ; 5 / ) ø π ≥ ≠ ß ° õ ï è â É } w q k e _ Y S M G A ; 5 / ) < < < < < < < < < < < < < < < < < < < < < < < < < < < < < < < < < < < < < < < < < < < < < < < < < < < < < < < < < < < < < < < < < < < < < < < < < < < < < < @ @ @ @ @ @ @ @ @ @ @ @ @ @ @ @ @ @ @ @ @ @ @ @ @ @ C C C C C C C C C C C C C C C C C C C C C C C C C C G G G G G G G G G G G G G G G G G G G G G G G G G G J J J J J J J J J J J J J J J J J J J J J J J J J J N N N N N N N N N N N N N N N N N N N N N N N N N N R R R R R R R R R R R R R R R R R R R R R R R R R R U U U U U U U U U U U U U U U U U U U U U U U U U U Y Y Y Y Y Y Y Y Y Y Y Y Y Y Y Y Y Y Y Y Y Y Y Y Y Y \ \ \ \ \ \ \ \ \ \ \ \ \ \ \ \ \ \ \ \ \ \ \ \ \ \ ` ` ` ` ` ` ` ` ` ` ` ` ` ` ` ` ` ` ` ` ` ` ` ` ` ` d d d d d d d d d d d d d d d d d d d d d d d d d d g g g g g g g g g g g g g g g g g g g g g g g g g g k k k k k k k k k k k k k k k k k k k k k k k k k k n n n n n n n n n n n n n n n n n n n n n n n n n n n n n n n n n n n n n n n n n n n n n n n n n n n n n n n n n n n n n n n n n n n n n n n n n n n n n n n n n n n n n n n n n n n n n n n n n n n n n n n n n n n n n n n n n n n n n n n n n n n n n n n n n n n n n n n n n n n n n n n n n n n n n n n n n n n n n n n n n n n n n n n n n n n n n n n n n n n n n n n n n n n n n n n n n n n n n n n n n n n n n n n n n n n n n n n n n n n n n n n n n n n n n n n n n n d d d d d d d d d d d d d d d d d d d d d d d d d d d d d d d d d d d d d d d d d d d d d d d d d d d d d d d d d d d d d d d d d d d d d d d d d d d d d d d d d d d d d d d d d d d d d d d d d d d d d d d d d d d d d d d d d d d d d d d d d d d d d d d d d d d d d d d d d d d d d d d d d d d d d d d d d d d d d d d d d d d d d d d d d d d d d d d d d d d d d d d d d d d d d d d d d d d d d d d d d d d d d d d d d d d d d d d d d d d d d d d d d d d d d d d d d d d d d d d d d d d d d d d d d d d d d d d d d d d d d d d d d d d d d d d d d d d d d d d d d d d d d d d d d d d d d d d d d d d d d d d d d d d d d d d d d d d d d d d d d d d d d d d d d d d d d d d d d d d d d d d d d d d d d d d d d d d d d d d d d d d d d d d d d d d d d d d d d d d d d d d d d d d d d d d d d d d d d d d d d d d d d d d d d d d d d d d d d d d d d d d d d d d d d d d d d d d d d d d d d d d d d d d d d d d d d d d d d d d d d d d d d d d d d d d d d d d d d d d d d d d d d d d d d d d d d d d d d d d d d d d d d d d d d d d d d d d d d d d d d d d d d d d d d d d d d d d d d d d d d d d d d d d d d d d d d d d d d d d d d d d d d d d d d d d d d d d d d d d d d d d d d d d d d d d d d d d d d d d d d d d d d d d d d d d d d d d d d d d d d d d d d d d d d d d d d d d d d d d d d d d d d d d d d d                                                                                                                                                                                                                                                                                                                                                                                                                                                                                                                                                                                                                                                                                
 d Ù   ˙ ˙    
 `     d  ˙ ˙    Anlg #1    Ä ?  Anlg #2    Ä ?  Anlg #3    Ä ?  Anlg #4    Ä ?  Anlg #5    Ä ?  Anlg #6    Ä ?  Anlg #7    Ä ?  Anlg #8    Ä ?   Freq #1  Ä? Freq #2  Ä? Freq #3  Ä? Freq #4  Ä?  àBJp˛∏ Ñ § » ¿ ( » ¿ ( » ¿ ( » ¿ ( » ¿ ( » ¿ ( » ¿ ( » ¿ (                    » 
       Ë–Ñ∏ †ºàXpÙXê@,(#                                                                  Ë–Ñ∏ †ºàXpÙXê@,(#                                                                  Ë–Ñ∏ †ºàXpÙXê@,(#                                                                  Ë–Ñ∏ †ºàXpÙXê@,(#                                                                  Ë–Ñ∏ †ºàXpÙXê@,(#                                                                  Ë–Ñ∏ †ºàXpÙXê@,(#                                                                  Ë–Ñ∏ †ºàXpÙXê@,(#                                                                  Ë–Ñ∏ †ºàXpÙXê@,(#                                                                 ‡ Ä  Û)[ë úëÜym`UJ¸*XÜ¥‚	ˇı@eã∞˘ÙÔ(Ea~ËËË¸$8LÛ(\ë ú—:n£◊
~LËL~~~mAË;]]]]6Ë+;;;L+	ËÛ(\ë ú]ﬂü`!‚  ˇˇÔˇﬂˇœˇ¿ˇ∞ˇ    ÙˇËˇ‹ˇ–ˇƒˇ 	   ¯ˇˇËˇ‡ˇÿˇ
   ˝ˇ˘ˇıˇˇÏˇÛ(\ë ú—:n£◊
   ÛˇÂˇ◊ˇ»ˇ∫ˇ%  
 ˝ˇÔˇ‚ˇ‘ˇ«ˇ+    ˙ˇÓˇ·ˇ’ˇ2 '    ˘ˇÌˇ‚ˇñ ñ x x x å ñ ñ ñ ñ ñ ñ ñ ñ ñ ñ ñ ñ ñ ñ ñ ñ ñ ñ ñ                                 ®" :ƒ	>($ÅI($ÅI                        M      Ë8ˇÙ      ::  
 ˙                       à     	           Ëd   –»   ∏,  †ê  àÙ  pX  Xº  @   (#Ñ  'Ë  ¯*L  ‡.∞  »2  ∞6x  ò:‹  Ä>@  hB§                ‘0  ;   Ë  Ë Ë Ë Ë Ë Ë Ë Ë Ë	 Ë
 Ë Ë Ë Ë Ë Ë    Ë  Ë Ë Ë Ë Ë Ë Ë Ë Ë	 Ë
 Ë Ë Ë Ë Ë Ë    Ë  Ë Ë Ë Ë Ë Ë Ë Ë Ë	 Ë
 Ë Ë Ë Ë Ë Ë    Ë  Ë Ë Ë Ë Ë Ë Ë Ë Ë	 Ë
 Ë Ë Ë Ë Ë Ë    Ë  Ë Ë Ë Ë Ë Ë Ë Ë Ë	 Ë
 Ë Ë Ë Ë Ë Ë    Ë  Ë Ë Ë Ë Ë Ë Ë Ë Ë	 Ë
 Ë Ë Ë Ë Ë Ë    Ë  Ë Ë Ë Ë Ë Ë Ë Ë Ë	 Ë
 Ë Ë Ë Ë Ë Ë    Ë  Ë Ë Ë Ë Ë Ë Ë Ë Ë	 Ë
 Ë Ë Ë Ë Ë Ë       Ë–∏ËËËËËËËËËËËËËËËËËËËËËËËËËËËËËËËË2 2 2 2 2 2 2       d d  d d d d d d d d d d d d d d d d d d d d d d d d d d d d d d d d d d d d d d d d d d d d d d d d d d d d d d d d d d d d d d d d ËÑ ºXÙê,  Ë–∏†àpX                                                                                       DI #1   DI #2   DI #3   DI #4   DI #5   DI #6   DI #7  DO # 1  DO # 2  DO # 3  DO # 4  DO # 5  DO # 6  DO # 7  DO # 8  DO # 9 DO # 10ææ 2                                                                                                                                                                                                                                                                 DE #1      Ä?   DE #2      Ä?   DE #3      Ä?   DE #4      Ä?   DE #5      Ä?   DE #6      Ä?   DE #7      Ä?   DE #8      Ä?   DE #9      Ä?  DE #10      Ä?  DE #11      Ä?  DE #12      Ä?  
      ∞ ˙        »   2 d   ä¬˙ 2 ˙ ÙÓË‚‹÷–dddddddddddddddddddddddddddddddd        2>JVbnzÜx P (     ÿˇ∞ˇàˇQˇÉˇµˇÁˇ K } Ø 2 2 2 2 2 2 2      ú√Î;cä≤	––z^%Îœyy#ïŒ"x∞¡y2Í£[ËÑ ºXÙê,X-◊≠ÇW,Ù» Ù»  ∞ ¥   2 Ë  Ë  Ë€™ ¥  è ËÙË» Ë6¥  ËËËêË1¬¥ + ≠Ë‹ËXË[N¥ 9 ;Ë–Ë ËÜ⁄¥ G  Ëƒ	ËËË±f¥ V YË∏Ë∞Ë‹Ú¥ d ËË¨ËxË     Ë–∏                                                                ºëf;Êªê  ®P  à      à    Áƒ´™|»	
µé¸,à  ä ‘ @‘∂öJã‹	D>$⁄Ç(«:      »   d » ,êÙXºàî†îà|pd  C  d                                                                       Ë å
          Ë d ÿˇd      :  pd  @Ëxî∞@ËÏ,22222 ò:BBBBBl~Ùæ  Ë              à  à  à  à  à  à  à  à  à  à  à  à  à  à  à  àËÓÙ˙ » êX Ë∞x@Ë˝(>Si~Ëˆ!/>LËÔËËËËËËÓÙ˙   œ ûn=€™ËËËËËËËËËËËËËËËËËËËËËËËËËËËËËËËË        »           »           »           »           »           »           »           »     `                                 ËËËËËËË                          @ Ä ¿   @ Ä ¿   @ Ä ¿   @ Ä ¿   @ Ä ¿   @ Ä ¿   @ Ä ¿   @ Ä ¿   –L¸>ö¸/&˝!≤˝>˛ ˛ˆVˇË‚ˇ            hËËËhËËËhËËËhËËËhËËËhËËËhËËËhËËËd
òNd
òN
 
 
 
 ë ‹&Û2 2 2                                                                                                                                    Ùd 
 Ù 2    Ë
 Ë Ë Ë( Ë2 Ë< ËF Ë ™
¥æ»(“2‹<ÊF p   
d  Ë                          †      Ù( Ë< ‹P –d ƒ	x ∏å ¨† †¥ î» à‹ | pdX,L@@  
Ù†X  User #1 User #2 User #3 User #4 User #5 User #6 User #7 User #8                                                                                                              I LËÑ     » » » » » » » »   ,XÑ∞‹4  ÙK     d » ,êÙXº ÑË  d » ,êÙXº ÑË  P †  @ê‡0Ä–          
    -2FK_dx}ë              (        ¥                                                                                                                                                                                                                      U™                                                                                                     

,Performance Electronics File (V5.6) v3.04.50
Serial Number:         68271998D575
Date: 08-16-2022